City_ID,City,Country,Lat,Lng,Max Temp,Humidity,Cloudiness,Wind Speed,Current Description
0,Atuona,PF,-9.8,-139.0333,77.09,81,18,19.73,light rain
1,Saskylakh,RU,71.9167,114.0833,59.7,64,100,5.14,overcast clouds
2,Vaini,TO,-21.2,-175.2,60.96,100,75,0.0,broken clouds
3,Port Alfred,ZA,-33.5906,26.891,61.84,84,100,17.83,overcast clouds
4,Nantucket,US,41.2835,-70.0995,83.25,70,75,5.75,broken clouds
5,Esperance,AU,-33.8667,121.9,60.64,79,2,17.18,clear sky
6,Sisimiut,GL,66.9395,-53.6735,43.2,83,98,4.81,overcast clouds
7,Te Anau,NZ,-45.4167,167.7167,30.49,95,89,0.63,overcast clouds
8,Mgandu,TZ,-5.95,34.1333,71.1,40,100,6.4,overcast clouds
9,Wilmington,US,34.2257,-77.9447,88.95,71,75,9.22,broken clouds
10,Dubbo,AU,-32.25,148.6167,50.13,81,75,13.8,broken clouds
11,Airai,TL,-8.9266,125.4092,54.0,88,30,1.41,scattered clouds
12,Banjul,GM,13.45,-16.5833,82.72,83,75,8.05,broken clouds
13,Prince George,CA,53.9166,-122.753,71.26,49,1,1.99,clear sky
14,Puerto Ayora,EC,-0.7393,-90.3518,73.36,84,56,5.01,broken clouds
15,Aykhal,RU,66.0,111.5,47.48,87,3,3.89,clear sky
16,Saint George,US,37.1041,-113.5841,102.67,13,0,1.99,clear sky
17,Pevek,RU,69.7008,170.3133,37.24,83,14,10.87,few clouds
18,Yoichi,JP,43.2039,140.7703,74.79,86,100,3.24,overcast clouds
19,Avarua,CK,-21.2078,-159.775,75.25,69,75,3.44,broken clouds
20,Hobart,AU,-42.8794,147.3294,45.1,89,21,11.5,few clouds
21,Busselton,AU,-33.65,115.3333,53.1,69,100,23.33,overcast clouds
22,Chokurdakh,RU,70.6333,147.9167,56.64,62,44,10.47,scattered clouds
23,Codrington,AU,-38.2667,141.9667,45.03,75,100,9.89,overcast clouds
24,Bambous Virieux,MU,-20.3428,57.7575,69.22,100,75,3.44,light rain
25,Umm Lajj,SA,25.0213,37.2685,92.12,43,0,1.57,clear sky
26,Saldanha,ZA,-33.0117,17.9442,57.25,91,100,14.05,moderate rain
27,Jamestown,US,42.097,-79.2353,85.17,58,1,3.0,clear sky
28,Hermanus,ZA,-34.4187,19.2345,58.8,92,100,21.54,moderate rain
29,Taft,IR,31.7471,54.2088,87.75,13,20,6.91,few clouds
30,Khatanga,RU,71.9667,102.5,53.78,64,100,12.68,overcast clouds
31,Wenling,CN,28.3669,121.36,78.22,85,57,2.91,broken clouds
32,Nkhotakota,MW,-12.9274,34.2961,69.39,58,0,4.32,clear sky
33,New Norfolk,AU,-42.7826,147.0587,44.74,85,31,2.68,scattered clouds
34,Tasiilaq,GL,65.6145,-37.6368,44.76,96,100,17.25,light rain
35,Hilo,US,19.7297,-155.09,81.25,73,90,4.61,overcast clouds
36,Bodden Town,KY,19.2833,-81.25,89.98,71,40,8.99,scattered clouds
37,Bethel,US,41.3712,-73.414,84.47,70,1,8.05,light rain
38,Nikolskoye,RU,59.7035,30.7861,66.09,95,99,4.52,overcast clouds
39,Gwanda,ZW,-20.9333,29.0,58.71,47,0,3.36,clear sky
40,Alenquer,BR,-1.9417,-54.7383,88.14,38,100,5.01,overcast clouds
41,Rikitea,PF,-23.1203,-134.9692,74.37,75,2,12.26,clear sky
42,Tuktoyaktuk,CA,69.4541,-133.0374,48.2,76,90,10.36,overcast clouds
43,Bluff,NZ,-46.6,168.3333,35.8,63,89,10.65,overcast clouds
44,Le Port,RE,-20.9373,55.2919,68.0,74,1,1.01,clear sky
45,Ballina,AU,-28.8667,153.5667,58.96,63,75,9.22,broken clouds
46,Kodiak,US,57.79,-152.4072,60.31,72,75,4.61,light rain
47,Hithadhoo,MV,-0.6,73.0833,80.71,76,100,4.38,overcast clouds
48,Tiksi,RU,71.6872,128.8694,47.26,81,61,3.38,broken clouds
49,Hanmer Springs,NZ,-42.5167,172.8167,29.95,98,96,3.42,snow
50,Pleasanton,US,37.6624,-121.8747,89.83,43,1,1.01,smoke
51,Yellowknife,CA,62.456,-114.3525,54.12,50,75,6.91,broken clouds
52,San Patricio,US,28.017,-97.5169,95.41,50,31,19.35,scattered clouds
53,Severo-Kurilsk,RU,50.6789,156.125,54.57,86,26,12.06,scattered clouds
54,Miri,MY,4.4148,114.0089,80.74,83,40,3.44,scattered clouds
55,Champerico,GT,14.3,-91.9167,91.94,76,88,6.78,overcast clouds
56,Clyde River,CA,70.4692,-68.5914,52.03,66,75,12.66,broken clouds
57,San Quintin,MX,30.4833,-115.95,74.01,64,11,9.55,few clouds
58,Jalapa,MX,19.5333,-96.9167,73.26,70,95,6.08,overcast clouds
59,Port Hedland,AU,-20.3167,118.5667,57.25,72,6,5.75,clear sky
60,Punta Arenas,CL,-53.15,-70.9167,42.91,70,75,13.8,broken clouds
61,Malakal,SS,9.5334,31.6605,72.77,91,100,0.22,overcast clouds
62,Carnarvon,AU,-24.8667,113.6333,59.07,81,8,4.61,clear sky
63,Albany,US,42.6001,-73.9662,88.03,54,18,5.19,few clouds
64,Paola,IT,39.3599,16.0396,85.69,48,3,2.21,clear sky
65,Dikson,RU,73.5069,80.5464,45.07,83,0,5.79,clear sky
66,Ushuaia,AR,-54.8,-68.3,42.46,61,40,9.22,scattered clouds
67,Ossora,RU,59.2353,163.0719,55.54,63,43,14.05,scattered clouds
68,Uarini,BR,-2.99,-65.1083,89.55,50,84,1.66,broken clouds
69,Barrow,US,71.2906,-156.7887,39.22,91,90,11.5,overcast clouds
70,Cabo San Lucas,MX,22.8909,-109.9124,97.52,66,40,11.5,scattered clouds
71,Klaksvik,FO,62.2266,-6.589,50.92,93,92,5.7,overcast clouds
72,Mataura,NZ,-46.1927,168.8643,35.47,99,91,3.2,overcast clouds
73,Fortuna,US,40.5982,-124.1573,65.98,87,90,9.22,overcast clouds
74,Qaanaaq,GL,77.484,-69.3632,39.96,67,23,3.0,few clouds
75,Atambua,ID,-9.1061,124.8925,67.59,85,15,4.03,few clouds
76,Maragogi,BR,-9.0122,-35.2225,74.07,84,92,10.58,overcast clouds
77,Pisco,PE,-13.7,-76.2167,64.45,72,90,11.5,overcast clouds
78,Puerto Escondido,MX,15.85,-97.0667,88.63,58,40,12.66,scattered clouds
79,Nipawin,CA,53.3668,-104.0009,71.64,53,40,16.11,scattered clouds
80,Port Lincoln,AU,-34.7333,135.8667,54.16,56,48,13.91,scattered clouds
81,Kalmunai,LK,7.4167,81.8167,79.61,82,99,4.38,overcast clouds
82,Cape Town,ZA,-33.9258,18.4232,57.88,90,75,5.99,heavy intensity rain
83,College,US,64.8569,-147.8028,61.66,80,90,5.75,overcast clouds
84,Sault Sainte Marie,CA,46.5168,-84.3333,75.49,85,75,9.22,broken clouds
85,Port Elizabeth,ZA,-33.918,25.5701,59.09,81,100,8.46,overcast clouds
86,Butaritari,KI,3.0707,172.7902,82.99,64,42,10.6,scattered clouds
87,Havoysund,NO,70.9963,24.6622,70.03,60,52,10.71,broken clouds
88,Palmer,US,42.1584,-72.3287,86.4,51,75,5.75,broken clouds
89,Kingaroy,AU,-26.5333,151.8333,51.84,100,90,6.91,overcast clouds
90,Beringovskiy,RU,63.05,179.3167,43.56,88,100,20.15,light rain
91,Aklavik,CA,68.2191,-135.0107,53.6,66,40,3.44,scattered clouds
92,Castro,BR,-24.7911,-50.0119,63.36,64,99,3.8,overcast clouds
93,Moerai,PF,-22.4333,-151.3333,72.81,75,7,8.16,clear sky
94,Kirkuk,IQ,35.4681,44.3922,95.49,14,0,7.23,clear sky
95,Srednekolymsk,RU,67.45,153.6833,58.91,53,16,2.66,few clouds
96,Coquimbo,CL,-29.9533,-71.3436,58.73,67,40,10.36,scattered clouds
97,Huilong,CN,31.8111,121.655,77.99,81,96,0.58,overcast clouds
98,Aripuana,BR,-9.1667,-60.6333,98.26,21,22,1.97,few clouds
99,Koumac,NC,-20.5667,164.2833,64.78,72,40,12.86,scattered clouds
100,Emerald,AU,-23.5333,148.1667,48.34,53,0,5.75,clear sky
101,Yulara,AU,-25.2406,130.9889,39.04,48,0,6.91,clear sky
102,Lashio,MM,22.9333,97.75,69.3,100,100,0.4,overcast clouds
103,Mar Del Plata,AR,-38.0023,-57.5575,50.02,71,0,6.91,light rain
104,Tilichiki,RU,60.4667,166.1,51.48,63,89,9.91,overcast clouds
105,Cagliari,IT,39.245,9.0912,82.49,77,0,12.66,clear sky
106,Arraial Do Cabo,BR,-22.9661,-42.0278,73.36,68,20,23.02,few clouds
107,Lampa,CL,-33.2833,-70.9,52.63,58,75,10.36,moderate rain
108,Erzin,TR,36.9559,36.2,83.12,71,1,0.76,clear sky
109,Cherskiy,RU,68.75,161.3,54.63,42,19,1.12,few clouds
110,Shingu,JP,33.7333,135.9833,82.9,93,100,21.47,overcast clouds
111,Lavrentiya,RU,65.5833,-171.0,45.23,76,82,13.22,broken clouds
112,Longyearbyen,SJ,78.2186,15.6401,44.44,81,20,14.97,few clouds
113,Lamar,US,33.6668,-95.5836,93.52,56,75,14.97,broken clouds
114,Constitucion,CL,-35.3333,-72.4167,53.06,57,100,3.85,overcast clouds
115,Kolosovka,RU,56.4678,73.611,60.37,94,24,7.31,few clouds
116,Rorvik,NO,64.8621,11.2373,64.51,72,40,6.91,scattered clouds
117,Xuddur,SO,4.1213,43.8894,74.23,65,77,19.46,broken clouds
118,Opunake,NZ,-39.4556,173.8583,43.34,62,100,34.78,overcast clouds
119,Haines Junction,CA,60.7522,-137.5108,62.55,59,100,1.14,overcast clouds
120,Port Hardy,CA,50.6996,-127.4199,62.78,77,90,10.36,overcast clouds
121,Payo,ID,-3.7508,103.6372,73.8,86,45,2.19,scattered clouds
122,Katsuura,JP,35.1333,140.3,84.31,88,100,23.13,overcast clouds
123,Ambilobe,MG,-13.2,49.05,70.75,84,100,2.28,overcast clouds
124,Tuatapere,NZ,-46.1333,167.6833,35.82,84,100,5.64,overcast clouds
125,Oktyabrskiy,RU,54.4815,53.471,59.41,50,61,4.23,broken clouds
126,Kyra,RU,49.5776,111.9753,51.85,87,100,5.77,overcast clouds
127,Canico,PT,32.6333,-16.85,73.0,85,75,1.01,broken clouds
128,Victoria,HK,22.2855,114.1577,85.32,90,100,1.99,moderate rain
129,Kudahuvadhoo,MV,2.6708,72.8944,82.89,73,100,10.36,overcast clouds
130,Georgetown,MY,5.4112,100.3354,81.9,83,40,0.0,scattered clouds
131,Tessalit,ML,20.1986,1.0114,87.84,34,97,17.36,overcast clouds
132,Shatsk,RU,54.0258,41.7119,74.8,47,100,5.79,light rain
133,Olinda,BR,-8.0089,-34.8553,78.53,78,75,13.8,broken clouds
134,Antofagasta,CL,-23.65,-70.4,60.08,67,15,13.38,few clouds
135,Vila,PT,42.0304,-8.1588,60.69,69,100,2.82,overcast clouds
136,Tonantins,BR,-2.8731,-67.8022,83.25,67,99,2.44,overcast clouds
137,Gladstone,AU,-23.85,151.25,55.33,76,75,5.75,broken clouds
138,Yar-Sale,RU,66.8333,70.8333,54.32,60,99,17.0,overcast clouds
139,Grindavik,IS,63.8424,-22.4338,64.35,77,0,14.97,clear sky
140,Kirakira,SB,-10.4544,161.9205,77.52,84,54,6.29,broken clouds
141,Poum,NC,-20.2333,164.0167,68.54,66,93,20.2,overcast clouds
142,Batagay-Alyta,RU,67.8006,130.4114,59.59,43,18,1.1,few clouds
143,High Level,CA,58.5169,-117.136,55.51,71,90,2.3,overcast clouds
144,Kapaa,US,22.0752,-159.319,82.38,74,75,1.99,moderate rain
145,Salym,RU,60.0625,71.4789,67.73,77,100,3.44,overcast clouds
146,Bemidji,US,47.4736,-94.8803,81.14,57,75,4.61,broken clouds
147,East London,ZA,-33.0153,27.9116,69.01,39,54,17.67,broken clouds
148,Necochea,AR,-38.5473,-58.7368,52.03,56,100,6.87,overcast clouds
149,Mareeba,AU,-17.0,145.4333,65.12,93,23,2.66,few clouds
150,Zhuhai,CN,22.2769,113.5678,85.05,94,40,13.8,light intensity shower rain
151,Ribeira Grande,PT,38.5167,-28.7,75.6,73,75,16.11,broken clouds
152,Kalaleh,IR,37.3807,55.4916,88.45,36,0,4.63,clear sky
153,Vila Velha,BR,-20.3297,-40.2925,73.35,73,40,6.91,scattered clouds
154,Mwaro,BI,-3.5,29.6667,59.29,69,47,3.42,scattered clouds
155,Bonthe,SL,7.5264,-12.505,78.19,75,100,10.0,overcast clouds
156,Prieska,ZA,-29.6641,22.7474,57.63,26,22,9.98,few clouds
157,Cidreira,BR,-30.1811,-50.2056,63.39,83,2,8.63,clear sky
158,Gull Lake,CA,50.1001,-108.4847,64.76,46,100,6.67,overcast clouds
159,Alofi,NU,-19.0595,-169.9187,75.09,83,100,9.22,overcast clouds
160,Oltedal,NO,58.831,6.0466,60.55,90,68,6.55,broken clouds
161,Chuy,UY,-33.6971,-53.4616,65.41,81,100,4.05,overcast clouds
162,Phuthaditjhaba,ZA,-28.5242,28.8158,50.22,20,5,4.9,clear sky
163,Jieshi,CN,22.8134,115.8257,81.48,87,99,9.64,overcast clouds
164,Beziers,FR,43.3476,3.219,78.08,46,0,8.05,clear sky
165,Bahia Blanca,AR,-38.7196,-62.2724,52.79,47,100,11.92,overcast clouds
166,Tete,MZ,-16.1564,33.5867,75.29,46,0,5.75,clear sky
167,Sungaipenuh,ID,-2.0833,101.3833,64.22,96,74,3.06,broken clouds
168,Uribia,CO,11.7139,-72.266,93.76,39,82,13.73,broken clouds
169,Muli,MV,2.9167,73.5667,83.01,73,100,12.97,overcast clouds
170,Half Moon Bay,US,37.4636,-122.4286,90.81,68,1,1.99,clear sky
171,Clinton,US,42.587,-82.9199,88.2,75,90,1.01,mist
172,Faya,SA,18.3851,42.4509,73.51,58,60,2.77,broken clouds
173,Mayor Pablo Lagerenza,PY,-19.9309,-60.7718,98.22,18,3,14.58,clear sky
174,Tateyama,JP,34.9833,139.8667,84.22,83,75,8.05,broken clouds
175,Narsaq,GL,60.9167,-46.05,52.02,62,10,11.23,clear sky
176,Saint Peter,BB,13.25,-59.6167,86.56,73,100,18.45,overcast clouds
177,Tiarei,PF,-17.5333,-149.3333,82.42,75,17,10.96,few clouds
178,Bredasdorp,ZA,-34.5322,20.0403,60.12,55,100,18.41,light rain
179,Hami,CN,42.8,93.45,82.67,15,100,8.08,overcast clouds
180,Faanui,PF,-16.4833,-151.75,78.98,75,17,13.33,few clouds
181,Ulladulla,AU,-35.35,150.4667,43.7,67,98,4.18,overcast clouds
182,Mucuri,BR,-18.0864,-39.5508,72.28,72,1,8.52,clear sky
183,Mahebourg,MU,-20.4081,57.7,69.26,100,75,3.44,light rain
184,Geraldton,AU,-28.7667,114.6,64.81,82,75,10.36,broken clouds
185,Namibe,AO,-15.1961,12.1522,64.53,80,51,8.66,broken clouds
186,Varhaug,NO,58.6147,5.6457,60.85,85,76,14.97,broken clouds
187,Clovis,US,36.8252,-119.7029,101.86,32,75,1.99,haze
188,Monrovia,LR,6.3005,-10.7969,80.37,78,62,11.99,broken clouds
189,Bara,NG,10.3744,10.7288,76.82,80,100,10.76,light rain
190,Xining,CN,36.6167,101.7667,55.08,80,77,2.73,broken clouds
191,Prince Rupert,CA,54.3161,-130.3201,59.09,91,90,3.44,overcast clouds
192,Zhicheng,CN,30.2956,111.5047,77.9,92,100,3.83,light rain
193,Sinnamary,GF,5.3833,-52.95,83.23,75,99,12.55,overcast clouds
194,La Ronge,CA,55.1001,-105.2842,66.42,59,75,12.66,broken clouds
195,Tenenkou,ML,14.4572,-4.9169,87.46,49,98,2.35,overcast clouds
196,Ust-Tsilma,RU,65.441,52.1498,44.62,94,68,4.38,broken clouds
197,Margate,GB,51.3813,1.3862,64.26,77,8,4.0,clear sky
198,Alta Floresta,BR,-9.8756,-56.0861,96.62,26,0,3.44,clear sky
199,Portsmouth,GB,50.799,-1.0913,63.37,81,90,7.0,overcast clouds
200,Kaitangata,NZ,-46.2817,169.8464,37.58,85,97,9.08,overcast clouds
201,Charlottesville,US,38.0293,-78.4767,92.08,52,20,4.0,few clouds
202,Komsomolskiy,UZ,40.4272,71.7189,81.32,36,0,4.61,clear sky
203,Svetlogorsk,BY,52.6333,29.7333,66.25,64,15,3.91,few clouds
204,Rio Gallegos,AR,-51.6226,-69.2181,48.25,46,0,28.77,clear sky
205,Plouzane,FR,48.3833,-4.6167,60.89,94,90,12.66,overcast clouds
206,Kavaratti,IN,10.5669,72.642,80.38,81,100,18.72,light rain
207,Provideniya,RU,64.3833,-173.3,46.51,76,90,8.95,overcast clouds
208,Acarau,BR,-2.8856,-40.12,81.9,68,4,22.17,clear sky
209,Miyako,JP,39.6367,141.9525,76.1,98,100,10.0,overcast clouds
210,Sitka,US,57.0531,-135.33,60.69,72,90,4.61,overcast clouds
211,Sao Filipe,CV,14.8961,-24.4956,79.16,83,34,7.63,scattered clouds
212,Leninskoye,KZ,41.7589,69.3864,78.73,18,0,3.6,clear sky
213,Thai Binh,VN,20.45,106.3333,87.8,80,100,5.73,overcast clouds
214,Cockburn Town,TC,21.4612,-71.1419,85.96,66,40,12.66,scattered clouds
215,Naze,JP,28.3667,129.4833,77.56,88,9,12.12,clear sky
216,Lyubar,UA,49.9204,27.7592,67.15,65,0,5.44,clear sky
217,Batemans Bay,AU,-35.7167,150.1833,46.2,82,23,4.09,few clouds
218,Babushkin,RU,51.7122,105.8647,54.77,78,0,7.72,clear sky
219,Naron,ES,43.5167,-8.1528,65.25,80,94,3.85,overcast clouds
220,Omsukchan,RU,62.5333,155.8,50.2,72,6,5.14,clear sky
221,Harsin,IR,34.2721,47.5861,81.41,24,4,1.16,clear sky
222,Hasaki,JP,35.7333,140.8333,77.4,88,55,16.15,broken clouds
223,Talnakh,RU,69.4865,88.3972,57.27,61,3,1.88,clear sky
224,Korla,CN,41.7597,86.1469,79.88,33,99,7.96,overcast clouds
225,Souillac,MU,-20.5167,57.5167,69.37,100,75,3.44,moderate rain
226,Arona,ES,28.0996,-16.681,69.82,71,75,4.0,broken clouds
227,Kruisfontein,ZA,-34.0033,24.7314,56.88,87,100,5.37,overcast clouds
228,Sao Joao Da Barra,BR,-21.6403,-41.0511,75.29,77,57,15.01,broken clouds
229,Yeppoon,AU,-23.1333,150.7333,55.18,85,25,9.13,scattered clouds
230,Hualmay,PE,-11.0964,-77.6139,66.04,74,31,13.35,scattered clouds
231,Luderitz,NA,-26.6481,15.1594,56.07,85,86,6.33,overcast clouds
232,Upernavik,GL,72.7868,-56.1549,41.99,85,100,5.95,overcast clouds
233,Kashi,CN,39.4547,75.9797,75.0,35,24,4.72,few clouds
234,Atar,MR,20.5169,-13.0499,99.1,26,6,7.99,clear sky
235,Alamogordo,US,32.8995,-105.9603,94.39,31,1,6.91,clear sky
236,Victor Harbor,AU,-35.5667,138.6167,52.47,72,57,8.12,broken clouds
237,Bengkulu,ID,-3.8004,102.2655,75.83,91,30,5.17,scattered clouds
238,Berezovyy,RU,51.6667,135.7,49.33,98,100,3.83,overcast clouds
239,Bukama,CD,-9.2,25.85,75.29,27,4,1.74,clear sky
240,Vestmannaeyjar,IS,63.4427,-20.2734,59.99,63,0,13.8,clear sky
241,Rawson,AR,-43.3002,-65.1023,50.81,38,0,7.29,clear sky
242,Noumea,NC,-22.2763,166.4572,60.78,57,90,11.45,overcast clouds
243,Thompson,CA,55.7435,-97.8558,64.56,94,90,5.75,mist
244,Terrace Bay,CA,48.7834,-87.1,67.62,97,100,9.4,overcast clouds
245,Pangnirtung,CA,66.1451,-65.7125,46.4,81,90,14.97,overcast clouds
246,Requena,ES,39.4883,-1.1004,69.58,87,96,7.38,overcast clouds
247,Beloha,MG,-25.1667,45.05,62.64,87,0,5.7,clear sky
248,Fort Nelson,CA,58.8053,-122.7002,60.39,72,75,4.61,broken clouds
249,Ponta Do Sol,PT,32.6667,-17.1,73.0,77,36,3.53,scattered clouds
250,Kathu,TH,7.9178,98.3332,80.42,82,69,9.93,light rain
251,Aras,ES,42.5617,-2.356,70.72,48,0,8.05,clear sky
252,Pacific Grove,US,36.6177,-121.9166,85.57,76,1,5.01,clear sky
253,Kyzyl-Suu,KG,42.3414,78.0056,62.92,37,0,7.65,clear sky
254,Nanortalik,GL,60.1432,-45.2371,44.2,85,29,14.58,scattered clouds
255,Lagoa,PT,39.05,-27.9833,71.98,86,28,20.71,scattered clouds
256,Ampanihy,MG,-24.7,44.75,63.25,81,0,6.58,clear sky
257,Tashtagol,RU,52.7657,87.8894,56.68,91,21,2.62,few clouds
258,Nemuro,JP,43.3236,145.575,63.81,90,100,24.61,moderate rain
259,Buckeye,US,33.3703,-112.5838,106.39,31,0,6.91,clear sky
260,Grand Gaube,MU,-20.0064,57.6608,69.39,90,77,3.0,light rain
261,Mount Isa,AU,-20.7333,139.5,44.37,53,0,3.44,clear sky
262,Tairua,NZ,-37.0167,175.85,46.09,79,27,11.88,light rain
263,Saint-Philippe,RE,-21.3585,55.7679,67.59,84,20,7.25,light rain
264,Vilyuysk,RU,63.7553,121.6247,67.44,66,95,5.37,overcast clouds
265,Guerrero Negro,MX,27.9769,-114.0611,79.25,59,5,13.22,clear sky
266,Huicheng,CN,23.0385,116.2899,82.35,90,100,5.88,overcast clouds
267,Erdenet,MN,49.0333,104.0833,47.86,82,2,2.21,clear sky
268,Bereda,ES,43.2686,-7.5406,62.42,85,92,4.09,overcast clouds
269,Norman Wells,CA,65.282,-126.8329,53.64,66,90,11.5,overcast clouds
270,Ponta Delgada,PT,37.7333,-25.6667,74.12,78,40,14.97,scattered clouds
271,Campbellsville,US,37.3434,-85.3419,88.68,51,74,3.0,broken clouds
272,Viljoenskroon,ZA,-27.2084,26.9485,49.33,21,1,6.31,clear sky
273,Najran,SA,17.4924,44.1277,92.05,17,59,2.75,broken clouds
274,Teya,RU,60.3778,92.6267,56.05,83,100,2.98,overcast clouds
275,Nybro,SE,56.7446,15.9071,64.04,94,12,4.63,few clouds
276,San Cristobal,VE,7.7669,-72.225,77.18,90,94,2.77,overcast clouds
277,Joshimath,IN,30.5667,79.5667,70.79,89,100,0.72,moderate rain
278,Stranda,NO,62.3096,6.9358,64.74,82,51,1.01,broken clouds
279,Sistranda,NO,63.7256,8.834,62.56,76,3,11.05,clear sky
280,Kavieng,PG,-2.5744,150.7967,81.0,76,99,10.27,overcast clouds
281,Port Augusta,AU,-32.5,137.7667,42.71,70,0,4.81,clear sky
282,Mackay,AU,-21.15,149.2,63.05,88,4,10.36,clear sky
283,Fengzhen,CN,40.4394,113.1536,59.14,92,3,1.92,light rain
284,Barahona,DO,18.2085,-71.1008,93.02,59,20,13.8,few clouds
285,Oltu,TR,40.5498,42.0013,65.16,85,27,3.33,scattered clouds
286,Lasa,IT,46.6166,10.7002,69.71,92,30,2.57,scattered clouds
287,Kamaishi,JP,39.2667,141.8833,76.86,98,100,10.47,overcast clouds
288,Baiyin,CN,36.5583,104.2081,63.48,58,8,1.3,clear sky
289,Cervo,ES,43.6702,-7.4101,63.97,76,99,1.97,overcast clouds
290,Omboue,GA,-1.5746,9.2618,73.74,84,94,7.11,overcast clouds
291,Humberto De Campos,BR,-2.5983,-43.4611,82.76,65,23,8.57,few clouds
292,Garzon,CO,2.1959,-75.6278,77.2,77,59,4.61,broken clouds
293,Marfino,RU,55.7028,37.3822,69.87,94,20,0.0,few clouds
294,Dakar,SN,14.6937,-17.4441,84.33,74,40,11.5,scattered clouds
295,Carutapera,BR,-1.195,-46.02,80.96,82,7,5.19,clear sky
296,Honiara,SB,-9.4333,159.95,76.24,88,80,3.8,broken clouds
297,Quatre Cocos,MU,-20.2078,57.7625,69.1,86,93,19.64,light rain
298,Bellevue,US,47.6104,-122.2007,72.05,63,40,1.99,scattered clouds
299,Henties Bay,NA,-22.116,14.2845,56.86,92,33,7.74,scattered clouds
300,Plettenberg Bay,ZA,-34.0527,23.3716,56.61,75,100,4.59,overcast clouds
301,Vigrestad,NO,58.5667,5.7,60.96,85,70,15.03,light rain
302,Nome,US,64.5011,-165.4064,55.47,72,90,21.85,overcast clouds
303,Bossier City,US,32.516,-93.7321,95.2,53,40,11.5,scattered clouds
304,Blytheville,US,35.9273,-89.919,91.06,55,20,14.97,few clouds
305,Polessk,RU,54.862,21.1028,64.45,86,0,5.68,clear sky
306,Raudeberg,NO,61.9875,5.1352,64.18,78,11,2.98,few clouds
307,Balkanabat,TM,39.5108,54.3671,98.89,11,0,12.73,clear sky
308,Brae,GB,60.3964,-1.353,57.11,92,100,6.98,overcast clouds
309,Conde,BR,-7.2597,-34.9075,80.06,65,75,14.97,broken clouds
310,Lebu,CL,-37.6167,-73.65,49.51,67,9,8.34,clear sky
311,Tual,ID,-5.6667,132.75,80.19,79,100,17.74,overcast clouds
312,Mahibadhoo,MV,3.7833,72.9667,83.57,72,100,11.74,light rain
313,Huarmey,PE,-10.0681,-78.1522,68.07,71,2,13.96,clear sky
314,General Roca,AR,-39.0333,-67.5833,54.0,23,95,9.28,overcast clouds
315,Chota,PE,-6.55,-78.65,75.9,45,21,8.19,few clouds
316,Cap Malheureux,MU,-19.9842,57.6142,69.48,90,84,1.99,light rain
317,Irece,BR,-11.3042,-41.8558,77.25,39,4,17.6,clear sky
318,Saint Anthony,US,45.0205,-93.218,79.02,80,75,10.36,broken clouds
319,Praia,CV,14.9215,-23.5087,82.94,74,40,9.22,scattered clouds
320,Makokou,GA,0.5738,12.8642,69.51,89,14,2.13,few clouds
321,Port Macquarie,AU,-31.4333,152.9167,49.96,68,100,3.49,overcast clouds
322,Adrar,MR,20.5022,-10.0711,93.51,14,10,11.45,clear sky
323,Bilma,NE,18.6853,12.9164,97.56,25,54,6.15,broken clouds
324,Muborak,UZ,39.2553,65.1528,86.02,17,0,15.1,clear sky
325,Elizabeth City,US,36.2946,-76.2511,84.02,73,90,4.61,overcast clouds
326,Deputatskiy,RU,69.3,139.9,55.96,67,77,2.48,broken clouds
327,Moron,AR,-34.6534,-58.6198,49.96,89,100,11.99,moderate rain
328,Kieta,PG,-6.2167,155.6333,77.04,82,48,2.66,scattered clouds
329,Dharchula,IN,29.85,80.5333,73.11,96,100,0.78,overcast clouds
330,Zlitan,LY,32.4674,14.5687,81.68,67,0,12.62,clear sky
331,Brainerd,US,46.358,-94.2008,75.22,73,90,6.91,overcast clouds
332,Tarko-Sale,RU,64.9225,77.785,60.82,72,1,9.84,clear sky
333,Taltal,CL,-25.4,-70.4833,59.09,64,81,6.62,broken clouds
334,Trofors,NO,65.5333,13.4063,63.75,92,99,4.56,overcast clouds
335,Wuan,CN,31.6836,112.0044,73.87,95,100,7.27,light rain
336,Paita,PE,-5.0892,-81.1144,75.76,68,6,19.13,clear sky
337,Manggar,ID,-2.8833,108.2667,81.18,82,100,8.59,overcast clouds
338,Sturgeon Bay,US,44.8342,-87.377,83.21,94,75,13.8,broken clouds
339,Athabasca,CA,54.7169,-113.2854,62.29,65,98,10.94,overcast clouds
340,Bilibino,RU,68.0546,166.4372,50.52,43,64,2.13,broken clouds
341,Lumeje,AO,-11.55,20.7833,66.88,19,8,5.88,clear sky
342,Kahului,US,20.8947,-156.47,82.98,62,20,13.8,few clouds
343,Flinders,AU,-34.5833,150.8552,49.17,83,100,1.01,overcast clouds
344,Chapais,CA,49.7834,-74.8492,71.38,26,89,7.23,overcast clouds
345,Goderich,CA,43.7501,-81.7165,77.92,83,100,6.91,overcast clouds
346,Chengde,CN,40.9725,117.9361,67.8,90,100,4.72,moderate rain
347,Ahipara,NZ,-35.1667,173.1667,49.24,69,99,19.28,light rain
348,Aba,NG,5.1066,7.3667,72.68,96,100,6.08,light rain
349,Togur,RU,58.3631,82.8265,65.14,76,96,3.36,overcast clouds
350,Evensk,RU,61.95,159.2333,56.21,65,13,8.37,few clouds
351,Asheville,US,35.6009,-82.554,87.84,50,1,1.01,clear sky
352,Waingapu,ID,-9.6567,120.2641,72.66,80,58,8.61,broken clouds
353,Conceicao Do Araguaia,BR,-8.2578,-49.2647,93.33,27,0,8.05,clear sky
354,Ngunguru,NZ,-35.6167,174.5,43.16,78,98,13.82,overcast clouds
355,Marienburg,PL,54.0359,19.0266,64.85,70,57,5.79,broken clouds
356,Viedma,AR,-40.8135,-62.9967,51.53,40,80,14.25,broken clouds
357,Sur,OM,22.5667,59.5289,88.39,59,5,13.42,clear sky
358,Usinsk,RU,65.9939,57.5281,47.14,92,58,7.87,broken clouds
359,Indianola,US,41.3581,-93.5574,85.66,73,13,11.16,few clouds
360,Inuvik,CA,68.3499,-133.7218,53.64,77,75,3.44,broken clouds
361,Toro,CO,4.6117,-76.0814,83.08,68,99,4.97,overcast clouds
362,Lorengau,PG,-2.0226,147.2712,80.13,79,84,7.63,broken clouds
363,Los Llanos De Aridane,ES,28.6585,-17.9182,71.35,96,75,9.22,broken clouds
364,Kondapalle,IN,16.6167,80.5333,84.24,71,99,3.51,overcast clouds
365,Mao,ES,39.8885,4.2658,75.76,69,0,11.5,clear sky
366,Gusinoye Ozero,RU,51.1144,106.2614,53.13,74,1,5.5,clear sky
367,Millinocket,US,45.6573,-68.7098,81.91,58,75,9.22,broken clouds
368,Gore,NZ,-46.1028,168.9436,35.22,99,90,4.0,overcast clouds
369,Banda Aceh,ID,5.5577,95.3222,79.97,83,80,8.57,broken clouds
370,Lovozero,RU,68.005,35.0117,54.79,75,1,9.1,clear sky
371,Gat,IL,31.61,34.7642,82.81,100,0,3.4,clear sky
372,Shimoda,JP,34.6667,138.95,79.68,92,70,14.5,broken clouds
373,Northam,GB,51.0333,-4.2167,62.38,90,100,11.95,overcast clouds
374,Sao Joao Dos Patos,BR,-6.495,-43.7022,90.9,24,0,7.29,clear sky
375,La Romana,DO,18.4273,-68.9728,88.16,70,40,5.75,scattered clouds
376,Urucara,BR,-2.5364,-57.76,95.85,31,61,2.62,broken clouds
377,Nizhnevartovsk,RU,60.9344,76.5531,64.42,100,96,6.71,mist
378,Birjand,IR,32.8663,59.2211,77.47,13,0,6.91,clear sky
379,Yatou,CN,37.15,122.3833,70.7,84,99,5.14,overcast clouds
380,Saint-Joseph,RE,-21.3667,55.6167,66.58,79,9,4.25,clear sky
381,Lompoc,US,34.6391,-120.4579,87.21,70,1,12.66,clear sky
382,Nioro,GM,13.35,-15.75,77.61,87,100,7.02,overcast clouds
383,Darien,US,41.752,-87.974,91.06,54,75,3.0,broken clouds
384,Hailar,CN,49.2,119.7,62.42,92,100,7.56,moderate rain
385,Gamba,GA,-2.65,10.0,72.12,84,53,5.41,broken clouds
386,Moelv,NO,60.9333,10.7,62.94,70,89,3.15,overcast clouds
387,Analipsis,GR,35.3167,25.5667,82.94,57,0,9.71,clear sky
388,Lexington,US,37.9887,-84.4777,89.94,57,1,1.99,clear sky
389,Nyrob,RU,60.733,56.7202,48.67,98,50,4.14,scattered clouds
390,Vila Franca Do Campo,PT,37.7167,-25.4333,73.81,83,53,10.38,broken clouds
391,Namatanai,PG,-3.6667,152.4333,77.68,82,80,6.44,broken clouds
392,San Lazaro,BZ,18.0387,-88.6622,87.51,58,71,9.69,broken clouds
393,Katobu,ID,-4.9408,122.5276,72.16,93,48,3.15,scattered clouds
394,Bullhead City,US,35.1478,-114.5683,108.01,19,1,13.8,clear sky
395,Kutum,SD,14.2,24.6667,70.93,72,16,11.59,few clouds
396,Abancay,PE,-13.6339,-72.8814,76.86,21,7,8.12,clear sky
397,Santa Cruz,BO,-17.8,-63.1667,91.45,33,20,26.46,few clouds
398,Suntar,RU,62.1444,117.6319,56.68,98,86,2.1,overcast clouds
399,Sebrovo,RU,50.0981,43.2976,85.15,22,100,15.75,overcast clouds
400,Abha,SA,18.2164,42.5053,73.22,68,0,3.44,clear sky
401,Podor,MR,16.6527,-14.9587,91.35,55,75,4.61,broken clouds
402,Ketchikan,US,55.3422,-131.6461,63.07,72,75,5.75,broken clouds
403,Tautira,PF,-17.7333,-149.15,82.42,75,32,9.28,scattered clouds
404,Arman,RU,59.7,150.1667,56.25,67,9,7.87,clear sky
405,Kang,BW,-23.6752,22.7876,61.59,23,0,7.02,clear sky
406,San Andres,CO,12.5847,-81.7006,87.82,66,75,17.27,broken clouds
407,Touros,BR,-5.1989,-35.4608,81.5,69,50,17.87,scattered clouds
408,Gloucester,GB,51.8657,-2.2431,62.38,72,7,21.99,clear sky
409,Khandyga,RU,62.6667,135.6,57.07,63,12,1.54,few clouds
410,Labuhan,ID,-6.8844,112.2051,77.63,89,39,8.46,scattered clouds
411,Port Moresby,PG,-9.4431,147.1797,73.8,91,99,9.31,overcast clouds
412,Kangaba,ML,11.9333,-8.4167,75.22,90,98,3.51,light rain
413,Luganville,VU,-15.5333,167.1667,75.49,85,100,11.41,overcast clouds
414,Qaqortoq,GL,60.7167,-46.0333,52.3,76,8,17.58,clear sky
415,Salta,AR,-24.7859,-65.4117,81.19,30,0,10.0,clear sky
416,La Reforma,MX,25.0833,-108.05,94.75,59,25,11.16,scattered clouds
417,Arvika,SE,59.6553,12.5852,61.5,91,99,3.04,light rain
418,Ust-Nera,RU,64.5667,143.2,62.91,56,5,4.12,clear sky
419,Avera,US,33.194,-82.5271,93.07,40,76,2.91,broken clouds
420,Nsoko,SZ,-27.0333,31.95,61.14,69,0,4.61,clear sky
421,Bathsheba,BB,13.2167,-59.5167,88.41,66,20,21.85,few clouds
422,Sai Buri,TH,6.7013,101.6168,77.23,86,57,4.72,broken clouds
423,Mount Gambier,AU,-37.8333,140.7667,44.51,93,40,8.05,scattered clouds
424,San Pedro,PH,14.35,121.0167,80.35,81,20,2.3,few clouds
425,Baruun-Urt,MN,46.6806,113.2792,55.4,92,37,5.73,scattered clouds
426,Ashta,IN,23.0167,76.7167,73.74,97,100,5.55,overcast clouds
427,Concepcion Del Oro,MX,24.6333,-101.4167,77.9,27,1,7.25,clear sky
428,Valdivia,CL,-39.8142,-73.2459,53.69,65,8,3.69,clear sky
429,Merauke,ID,-8.4667,140.3333,75.54,88,93,11.3,overcast clouds
430,Fomboni,KM,-12.28,43.7425,77.11,65,9,10.94,clear sky
431,Dunedin,NZ,-45.8742,170.5036,36.81,83,91,5.01,overcast clouds
432,Uray,RU,60.1247,64.7758,64.4,80,99,7.96,overcast clouds
433,Ixtapa,MX,20.7,-105.2,87.22,71,37,5.99,scattered clouds
434,Auki,SB,-8.7676,160.7034,76.12,87,42,3.8,scattered clouds
435,Sola,VU,-13.8833,167.55,75.36,89,100,22.82,moderate rain
436,Chuguyevka,RU,44.1653,133.8633,61.54,93,100,2.01,overcast clouds
437,Chumikan,RU,54.7183,135.315,49.32,84,100,4.83,overcast clouds
438,Yuzhno-Sukhokumsk,RU,44.6581,45.6436,86.32,42,79,5.39,broken clouds
439,Lufkin,US,31.3382,-94.7291,93.33,55,40,8.05,scattered clouds
440,La Baneza,ES,42.3003,-5.8977,69.6,38,32,3.78,scattered clouds
441,Hofn,IS,64.2539,-15.2082,57.16,73,27,4.07,scattered clouds
442,Chalmette,US,29.9427,-89.9634,95.05,57,1,3.0,clear sky
443,Linjiang,CN,41.8069,126.9078,61.14,93,0,2.26,clear sky
444,Jerome,US,42.7241,-114.5186,80.15,34,1,10.36,clear sky
445,Camacha,PT,33.0833,-16.3333,69.53,68,75,11.5,broken clouds
446,Sangueya,GN,10.7,-14.3667,75.74,90,100,4.18,moderate rain
447,Baturaja,ID,-4.1333,104.1667,73.67,94,30,2.42,scattered clouds
448,Makakilo City,US,21.3469,-158.0858,80.92,56,75,8.05,broken clouds
449,Turukhansk,RU,65.8167,87.9833,55.92,63,15,7.76,few clouds
450,Tornio,FI,65.8481,24.1466,59.02,94,100,17.0,overcast clouds
451,Mahon,ES,39.8885,4.2658,75.76,69,0,11.5,clear sky
452,Okha,RU,53.5739,142.9478,50.81,80,25,3.02,scattered clouds
453,Manzil Kamil,TN,35.6248,10.6673,93.38,84,0,11.5,clear sky
454,Parati,BR,-23.2178,-44.7131,85.1,65,6,2.59,clear sky
455,Orange,US,33.7,-117.7675,95.05,66,20,1.99,few clouds
456,Hadsund,DK,56.7148,10.1168,62.78,93,42,10.07,scattered clouds
457,Paamiut,GL,61.994,-49.6678,43.09,91,99,8.46,light rain
458,Jacareacanga,BR,-6.2222,-57.7528,99.7,21,10,2.98,clear sky
459,Matadi,CD,-5.8167,13.45,77.16,62,6,7.92,clear sky
460,Ancud,CL,-41.8697,-73.8203,53.42,65,6,3.02,clear sky
461,Marawi,PH,7.9986,124.2928,66.65,91,100,1.32,overcast clouds
462,Okitipupa,NG,6.5047,4.7839,72.91,95,99,2.73,light rain
463,Eyl,SO,7.9803,49.8164,76.5,84,19,25.59,few clouds
464,Wagar,SD,16.1525,36.2032,85.53,60,99,9.15,overcast clouds
465,Rochegda,RU,62.8,43.25,52.65,97,100,9.98,light rain
466,Gorontalo,ID,0.5412,123.0595,73.94,93,100,2.19,overcast clouds
467,Salalah,OM,17.0151,54.0924,77.09,100,90,4.61,light intensity drizzle
468,Carmen,MX,18.6333,-91.8333,89.04,57,19,6.42,few clouds
469,Caravelas,BR,-17.7125,-39.2481,70.74,76,1,6.62,clear sky
470,Montepuez,MZ,-13.1256,38.9997,68.56,65,79,8.97,broken clouds
471,Tchibanga,GA,-2.85,11.0333,69.31,85,12,3.31,few clouds
472,Tura,IN,25.5198,90.2201,75.13,97,94,5.91,overcast clouds
473,Mehamn,NO,71.0357,27.8492,69.98,55,0,9.22,clear sky
474,Nusaybin,TR,37.0778,41.2178,85.87,30,0,6.22,clear sky
475,Katherine,AU,-14.4667,132.2667,55.72,62,3,5.75,clear sky
476,Calama,CL,-22.4667,-68.9333,70.29,8,74,19.57,broken clouds
477,Horqueta,PY,-23.3428,-57.0597,94.21,17,2,8.61,clear sky
478,Vengurla,IN,15.8667,73.6333,76.15,86,49,5.66,scattered clouds
479,Vao,NC,-22.6667,167.4833,67.87,56,59,18.84,broken clouds
480,Valparaiso,CL,-33.0393,-71.6273,60.44,67,75,4.61,broken clouds
481,Antalaha,MG,-14.9003,50.2788,68.52,84,33,7.29,scattered clouds
482,Lensk,RU,60.7253,114.9278,54.72,94,100,2.39,light rain
483,Iqaluit,CA,63.7506,-68.5145,44.33,93,90,8.05,light rain
484,Comodoro Rivadavia,AR,-45.8667,-67.5,51.66,32,20,8.05,few clouds
485,Zary,PL,51.6421,15.1373,66.11,68,94,1.01,overcast clouds
486,Watertown,US,42.3709,-71.1828,86.07,70,75,1.01,broken clouds
487,Saint-Augustin,CA,51.226,-58.6502,67.98,40,7,2.44,clear sky
488,Chama,CH,47.1821,8.4636,62.76,82,75,0.0,broken clouds
489,Shenzhen,CN,22.5455,114.0683,85.21,95,100,6.31,overcast clouds
490,Diego De Almagro,CL,-26.3667,-70.05,63.52,25,24,5.86,few clouds
491,Svencioneliai,LT,55.1667,26.0,62.58,97,75,8.7,broken clouds
492,Egvekinot,RU,66.3167,-179.1667,43.79,58,68,12.37,broken clouds
493,Ledyard,US,41.4398,-72.0142,81.5,76,90,3.44,light rain
494,Sorland,NO,67.667,12.6934,62.67,72,100,18.14,overcast clouds
495,Kasongo-Lunda,CD,-6.4667,16.8167,75.96,37,1,2.35,clear sky
496,Ouadda,CF,8.0777,22.4007,67.32,97,98,2.19,overcast clouds
497,Netphen,DE,50.9167,8.1,58.19,78,7,6.17,clear sky
498,Dwarka,IN,22.2394,68.9678,81.34,75,92,11.7,overcast clouds
499,Colares,PT,38.7992,-9.4469,68.29,62,20,24.16,few clouds
500,Eregli,TR,37.5133,34.0467,69.3,58,70,4.21,broken clouds
501,Koslan,RU,63.4564,48.8989,54.59,67,100,4.7,overcast clouds
502,Ostrovnoy,RU,68.0531,39.5131,50.7,73,0,9.98,clear sky
503,Warora,IN,20.2333,79.0,82.81,72,100,4.41,overcast clouds
504,Bodrum,TR,37.0383,27.4292,85.93,57,0,10.27,clear sky
505,Asfi,MA,32.2994,-9.2372,68.18,76,0,18.39,clear sky
506,Voznesenye,RU,61.0106,35.4781,62.8,94,33,5.95,scattered clouds
507,Sambava,MG,-14.2667,50.1667,69.85,83,45,10.0,scattered clouds
508,Jipijapa,EC,-1.3333,-80.5833,76.5,60,79,6.93,broken clouds
509,Iturama,BR,-19.7281,-50.1956,81.88,26,7,7.36,clear sky
510,Meghri,AM,38.9029,46.2446,80.06,50,58,4.36,broken clouds
511,Acapulco,MX,16.8634,-99.8901,82.22,78,75,10.36,broken clouds
512,San Buenaventura,MX,27.0833,-101.5333,97.45,29,0,6.46,clear sky
513,Sabang,ID,5.8933,95.3214,82.71,77,96,14.74,overcast clouds
514,Port-Cartier,CA,50.0334,-66.8654,66.42,52,4,9.93,clear sky
515,Inhambane,MZ,-23.865,35.3833,65.5,65,0,7.9,clear sky
516,Yaan,NG,7.3833,8.5667,72.52,91,96,8.95,overcast clouds
517,Khambhaliya,IN,22.2072,69.6683,81.61,69,31,10.4,scattered clouds
518,Richards Bay,ZA,-28.783,32.0377,69.8,50,1,13.49,clear sky
519,Chiredzi,ZW,-21.05,31.6667,63.9,52,0,3.6,clear sky
520,Muros,ES,42.7762,-9.0603,66.15,73,98,10.2,overcast clouds
521,Port Keats,AU,-14.25,129.55,63.43,34,0,6.76,clear sky
522,Yarmouth,US,41.7057,-70.2286,83.34,74,75,5.01,broken clouds
523,Coahuayana,MX,18.7333,-103.6833,89.08,54,26,7.23,scattered clouds
524,Anapskaya,RU,44.89,37.38,71.83,83,20,4.47,few clouds
525,Briancon,FR,44.9,6.65,61.57,72,14,3.42,few clouds
526,Kongolo,CD,-5.3833,27.0,85.64,28,88,3.49,overcast clouds
527,Quelimane,MZ,-17.8786,36.8883,67.95,83,0,4.61,clear sky
528,Seoul,KR,37.5683,126.9778,74.71,86,0,5.75,clear sky
529,Opuwo,NA,-18.0607,13.84,65.48,19,6,4.03,clear sky
530,Jumla,NP,29.2747,82.1838,62.92,98,100,1.45,overcast clouds
531,Asau,RO,46.4333,26.4,68.92,68,1,3.33,light rain
532,Esso,RU,55.9333,158.7,48.2,82,64,3.8,broken clouds
533,Balkhash,KZ,46.844,74.9804,74.3,49,81,18.88,broken clouds
534,General Pico,AR,-35.6566,-63.7568,43.56,81,100,7.92,light rain
535,Torbay,CA,47.6666,-52.7314,68.77,89,90,11.5,light rain
536,Cayenne,GF,4.9333,-52.3333,86.09,78,0,5.99,clear sky
537,Rapar,IN,23.5667,70.6333,84.04,61,25,14.81,scattered clouds
538,Jalu,LY,29.0331,21.5482,90.72,19,0,9.26,clear sky
539,Sakakah,SA,29.9697,40.2064,94.57,14,0,3.91,clear sky
540,Palmas,BR,-10.2128,-48.3603,93.07,26,0,6.91,clear sky
541,Hearst,CA,49.6835,-83.6665,73.65,70,95,11.36,overcast clouds
542,Kaeo,NZ,-35.1,173.7833,43.32,94,54,10.47,light rain
543,Bontang,ID,0.1333,117.5,76.77,90,100,5.84,heavy intensity rain
544,Olafsvik,IS,64.8945,-23.7142,57.09,79,100,5.59,overcast clouds
545,Puerto Colombia,CO,10.9878,-74.9547,87.89,74,100,17.09,overcast clouds
546,Moa,CU,20.6569,-74.9403,86.58,63,8,11.25,clear sky
547,Andenes,NO,69.3143,16.1194,62.58,63,0,17.27,clear sky
548,Leningradskiy,RU,69.3833,178.4167,39.74,75,39,16.8,scattered clouds
549,Tsabong,BW,-26.0217,22.401,64.26,20,1,8.63,clear sky
550,Taoudenni,ML,22.6783,-3.9836,106.63,7,17,12.71,few clouds
551,Uthal,PK,25.8072,66.6219,80.94,76,65,7.2,broken clouds
552,Lobito,AO,-12.3481,13.5456,72.61,86,99,7.45,overcast clouds
553,Husavik,IS,66.0449,-17.3389,55.31,85,36,5.66,scattered clouds
554,Solnechnyy,RU,50.7214,136.6319,48.92,99,100,3.6,overcast clouds
555,Sakaiminato,JP,35.55,133.2333,78.78,100,75,32.21,shower rain
556,Teguldet,RU,57.3064,88.1667,62.35,86,89,3.13,overcast clouds
557,Mujiayingzi,CN,42.1167,118.7833,68.95,74,100,4.74,moderate rain
558,Nouadhibou,MR,20.931,-17.0347,71.58,83,5,17.27,clear sky
559,Sorong,ID,-0.8833,131.25,77.18,87,100,3.96,overcast clouds
560,Piterka,RU,50.6803,47.4454,81.82,30,99,10.29,overcast clouds
561,Nassau,US,40.7507,-73.5829,80.04,80,99,10.83,overcast clouds
562,Rawlins,US,41.7911,-107.2387,82.83,17,1,17.27,haze
563,Ajdabiya,LY,30.7554,20.2263,84.51,58,0,9.15,clear sky
564,Arlit,NE,18.7369,7.3853,97.2,21,100,11.25,overcast clouds
565,San Jose,US,37.3394,-121.895,90.77,42,75,1.01,smoke
566,Winona,US,43.9666,-91.7668,76.62,78,100,10.69,overcast clouds
567,Temiscaming,CA,46.7212,-79.0971,76.48,73,100,7.43,light rain
568,Outlook,CA,51.5001,-107.0513,69.49,30,100,15.35,overcast clouds
569,Harlingen,US,26.1906,-97.6961,97.32,50,40,23.02,scattered clouds
570,Rapla,EE,59.0072,24.7928,66.81,93,100,6.89,heavy intensity rain
571,Cruzeiro Do Sul,BR,-29.5128,-51.9853,75.74,63,3,4.23,clear sky
572,Atbasar,KZ,51.8,68.3333,59.4,82,83,9.95,broken clouds
573,Razvilka,RU,55.5917,37.7408,69.87,100,0,2.24,clear sky
574,Sabinas Hidalgo,MX,26.5,-100.1667,100.9,26,6,10.65,clear sky
575,Portland,US,45.5234,-122.6762,76.39,50,75,1.01,broken clouds
576,Buenos Aires,AR,-34.6132,-58.3772,49.95,81,90,19.57,overcast clouds
577,Mercedes,AR,-34.6515,-59.4307,46.85,87,100,19.71,moderate rain
578,Capao Da Canoa,BR,-29.7456,-50.0097,63.43,83,0,6.49,clear sky
579,Ilulissat,GL,69.2167,-51.1,44.62,93,75,8.05,light intensity drizzle
580,Poya,NC,-21.35,165.15,63.61,69,73,8.39,broken clouds
581,Buala,SB,-8.145,159.5921,78.21,81,37,2.71,light rain
582,Bulgan,MN,48.8125,103.5347,49.55,82,17,2.71,few clouds
583,Cookeville,US,36.1628,-85.5016,87.64,66,40,1.01,scattered clouds
584,Willowmore,ZA,-33.2926,23.4895,54.16,47,100,17.11,overcast clouds
585,Adwa,ET,14.1646,38.8955,62.82,86,100,2.82,overcast clouds
586,Krasnomayskiy,RU,57.6194,34.4099,59.74,91,100,3.06,overcast clouds
587,Camopi,GF,3.1655,-52.3158,82.44,70,94,1.28,overcast clouds
588,Hovd,MN,48.0056,91.6419,60.94,56,65,2.75,broken clouds
589,Hoquiam,US,46.9809,-123.8893,70.66,63,90,14.97,overcast clouds
590,Kaohsiung,TW,22.6163,120.3133,82.35,97,75,7.0,broken clouds
591,Lagos,NG,6.5833,3.75,79.12,92,98,6.62,light rain
592,Nishihara,JP,26.1842,127.7558,80.65,97,75,9.22,mist
593,Mabaruma,GY,8.2,-59.7833,80.44,93,39,3.2,scattered clouds
594,Villa Carlos Paz,AR,-31.4241,-64.4978,60.24,43,7,15.84,clear sky
595,Tommot,RU,58.9564,126.2925,56.1,93,27,2.77,scattered clouds
596,Sawtell,AU,-30.3833,153.1,55.72,96,90,6.91,overcast clouds
597,Gabu,GW,12.2833,-14.2167,72.77,98,100,3.78,light rain
598,Nizhniy Kuranakh,RU,58.8353,125.4869,55.49,89,10,3.53,clear sky
599,Gallatin,US,45.6666,-111.2008,89.4,22,20,17.0,few clouds
600,Okmulgee,US,35.6234,-95.9605,93.31,55,40,12.66,scattered clouds
601,Gold Coast,AU,-28.0,153.4333,60.01,90,90,3.0,overcast clouds
602,Mago,RU,53.2514,140.1822,46.65,95,97,3.11,overcast clouds
603,Vostok,RU,46.4856,135.8833,51.98,92,100,4.72,overcast clouds
604,Pucallpa,PE,-8.3791,-74.5539,93.24,40,40,6.91,scattered clouds
605,Adet,ET,11.2644,37.4888,55.24,93,98,3.24,light rain
606,Baykit,RU,61.67,96.37,58.87,76,100,3.15,overcast clouds
607,Sibolga,ID,1.7427,98.7792,75.78,91,62,4.36,broken clouds
608,Milkovo,RU,54.7167,158.6167,51.15,79,93,1.79,overcast clouds
609,Broome,US,42.2506,-75.833,87.71,56,1,1.99,clear sky
610,Alice Springs,AU,-23.7,133.8833,35.15,48,0,2.3,clear sky
611,Balabac,PH,7.9868,117.0645,82.27,74,100,4.56,overcast clouds
612,Karratha,AU,-20.7377,116.8463,66.92,60,52,4.34,broken clouds
613,Petrovskoye,RU,57.0104,39.2693,62.58,87,44,4.27,scattered clouds
614,Makinsk,KZ,52.6292,70.4169,53.96,96,52,8.75,broken clouds
615,Kihei,US,20.785,-156.4656,82.98,62,20,13.8,few clouds
616,Camalu,MX,30.85,-116.0667,80.42,63,11,9.73,few clouds
617,Along,IN,28.1667,94.7667,76.87,99,100,1.01,overcast clouds
618,The Valley,AI,18.217,-63.0578,86.14,70,20,18.41,haze
619,Oskemen,KZ,49.9565,82.6119,66.16,63,75,6.71,broken clouds
620,Yumen,CN,40.2833,97.2,71.24,21,0,9.46,clear sky
621,Bay Roberts,CA,47.5999,-53.2648,69.55,84,97,14.0,light rain
622,Cabedelo,BR,-6.9811,-34.8339,81.27,77,5,15.93,clear sky
623,Sassandra,CI,4.95,-6.0833,75.4,88,48,9.01,scattered clouds
624,Sao Domingos,BR,-13.3983,-46.3183,83.91,25,2,7.81,clear sky
625,Coos Bay,US,43.3665,-124.2179,77.85,60,1,19.57,clear sky
626,Samarkand,UZ,39.6542,66.9597,83.62,24,0,6.91,clear sky
627,Coihaique,CL,-45.5752,-72.0662,48.81,53,0,3.44,clear sky
628,Nanakuli,US,21.3906,-158.1547,82.35,54,75,8.05,broken clouds
629,Praia Da Vitoria,PT,38.7333,-27.0667,77.25,78,40,20.22,scattered clouds
630,Olive Branch,US,34.9618,-89.8295,92.73,56,40,1.01,scattered clouds
631,Peniche,PT,39.3558,-9.3811,67.48,82,0,15.95,clear sky
632,Benguela,AO,-12.5763,13.4055,73.17,83,89,5.88,overcast clouds
633,Ovre Ardal,NO,61.3167,7.8,58.08,63,91,1.86,overcast clouds
634,Mitu,CO,1.1983,-70.1733,82.74,69,100,0.89,overcast clouds
635,Pochutla,MX,15.7432,-96.4661,87.82,66,85,10.36,overcast clouds
636,Agadez,NE,19.75,10.25,94.75,24,70,8.3,broken clouds
637,Senno,RU,59.5336,33.9167,59.52,95,100,3.6,overcast clouds
638,Rocha,UY,-34.4833,-54.3333,54.84,95,100,14.23,overcast clouds
639,Fartura,BR,-23.3883,-49.51,73.87,45,98,4.25,overcast clouds
640,Maryborough,AU,-25.5333,152.7,57.88,95,94,4.14,overcast clouds
641,Kargasok,RU,59.0556,80.8572,64.42,69,99,4.81,overcast clouds
642,Saint-Francois,FR,46.4154,3.9054,62.19,79,71,3.44,broken clouds
643,Bicester,GB,51.9,-1.1536,62.06,72,20,10.0,few clouds
644,Ouallam,NE,14.3188,2.0866,91.22,47,27,9.93,scattered clouds
645,Santiago Del Estero,AR,-27.7951,-64.2615,73.8,25,100,16.62,overcast clouds
646,Armenia,AM,40.0,45.0,66.72,57,52,12.86,broken clouds
647,San Carlos De Bariloche,AR,-41.1456,-71.3082,49.75,27,0,0.0,clear sky
648,Copiapo,CL,-27.3667,-70.3333,58.69,39,2,6.02,clear sky
649,Ottumwa,US,41.02,-92.4113,86.68,69,75,5.99,broken clouds
650,Padang,ID,-0.9492,100.3543,78.26,86,71,3.15,light rain
651,Awjilah,LY,29.1081,21.2869,90.93,20,0,8.9,clear sky
652,Nanzhou,CN,29.3596,112.4024,78.4,96,100,5.77,overcast clouds
653,Mokhsogollokh,RU,61.4681,128.9203,52.59,68,86,3.85,overcast clouds
654,Aksakovo,BG,43.25,27.8167,74.1,77,0,3.44,clear sky
655,Japura,ID,-0.3167,102.35,75.97,89,75,1.14,broken clouds
656,Hameenlinna,FI,60.996,24.4643,64.74,81,100,3.87,overcast clouds
657,Vallenar,CL,-28.5708,-70.7581,62.19,36,0,6.85,clear sky
658,Misratah,LY,32.3754,15.0925,81.9,72,0,13.09,clear sky
659,Sobolevo,RU,54.4299,31.8996,61.38,77,98,3.71,overcast clouds
660,Tabou,CI,4.423,-7.3528,76.48,85,20,11.05,few clouds
661,Dauriya,RU,49.9333,116.8667,59.58,91,90,2.26,overcast clouds
662,Sechenovo,RU,55.2244,45.8906,71.64,49,100,4.34,overcast clouds
663,Sibot,RO,45.95,23.3333,72.46,47,0,3.71,clear sky
664,Port Blair,IN,11.6667,92.75,81.9,84,100,11.16,overcast clouds
665,Bukachacha,RU,52.9833,116.9167,58.51,98,100,3.18,overcast clouds
666,Ukiah,US,39.1502,-123.2078,98.13,35,1,4.61,clear sky
667,Priiskovyy,RU,51.9333,116.6333,60.73,94,100,0.63,light rain
668,Flin Flon,CA,54.7682,-101.865,66.04,77,90,8.05,overcast clouds
669,Uyuni,BO,-20.4597,-66.825,53.6,17,9,17.11,clear sky
670,Timizart,DZ,36.8,4.2667,76.48,70,55,5.53,broken clouds
671,Horta,PT,38.5333,-28.6333,74.84,73,75,14.97,broken clouds
672,Andi,RU,42.7836,46.2617,63.25,76,11,2.66,few clouds
673,Bihoro,JP,43.8228,144.1044,62.62,85,100,6.44,overcast clouds
674,Udachnyy,RU,66.4167,112.4,48.94,90,20,3.29,few clouds
675,Koshurnikovo,RU,54.1667,93.3,53.01,96,15,2.86,few clouds
676,Muleba,TZ,-1.8397,31.6544,70.07,65,20,5.3,few clouds
677,Smoky Lake,CA,54.1169,-112.4686,67.48,82,98,12.66,overcast clouds
678,Lata,PT,40.1629,-8.3327,64.81,78,0,4.09,clear sky
679,Clarence Town,AU,-32.5833,151.7833,55.85,81,100,2.64,overcast clouds
680,Abalak,RU,58.1286,68.5944,61.25,96,26,5.19,scattered clouds
681,Houston,US,29.7633,-95.3633,97.48,61,40,5.01,scattered clouds
682,Do Gonbadan,IR,30.3586,50.7981,98.69,13,40,0.0,scattered clouds
683,Kizhinga,RU,51.8462,109.9097,49.84,92,5,4.32,clear sky
